"Status","Name","Duration in ms","Description"
"passed","com.sebuilder.interpreter.pointcut.NegatedFilterTest.constructValueFalseAndNegateTrueResultFalse","0",""
"passed","com.sebuilder.interpreter.script.SebuilderTest$ParseScriptTypeWithDataSource.parseResultReversible","0",""
"passed","com.sebuilder.interpreter.pointcut.StepTypeFilterTest.constructValueNotEqualTargetTypeResultFalse","0",""
"passed","com.sebuilder.interpreter.script.SebuilderTest$ParseSuiteWithDataSource.parseResultReversible","0",""
"passed","com.sebuilder.interpreter.script.SebuilderTest$ParseScriptTypeWithDataSource.parseResultContents","0",""
"passed","com.sebuilder.interpreter.TestRunTest$VarDefault.bindRuntimeVariables","15",""
"passed","com.sebuilder.interpreter.TestRunTest$WithStep.next_failVerify","0",""
"passed","com.sebuilder.interpreter.TestRunTest$VarDefault.vars","0",""
"passed","com.sebuilder.interpreter.pointcut.LocatorFilterTest.constructValueContainsTarget","31",""
"passed","com.sebuilder.interpreter.script.SebuilderTest$ParseScriptTypeWithSteps.parseResultReversible","15",""
"passed","com.sebuilder.interpreter.TestRunTest$FieldAccessor.driver","16",""
"passed","com.sebuilder.interpreter.pointcut.StringParamFilterTest.constructValueNotEqualTargetType","0",""
"passed","com.sebuilder.interpreter.pointcut.SkipFilterTest.constructValueFalseAndTargetSkipTrueResultFalse","0",""
"passed","com.sebuilder.interpreter.pointcut.LocatorFilterTest.constructValueStartsWithTarget","0",""
"passed","com.sebuilder.interpreter.TestRunTest$WithChainIncludeSuiteRun.finish","109",""
"passed","com.sebuilder.interpreter.application.CommandLineOptionTest.parse_fromTextFile","0",""
"passed","com.sebuilder.interpreter.InputDataTest.evaluateReplaceAndEval","0",""
"passed","com.sebuilder.interpreter.script.SebuilderTest$ParseSuiteNoContents.parseResultReversible","0",""
"passed","com.sebuilder.interpreter.TestRunTest$CurrentStep.string","16",""
"passed","com.sebuilder.interpreter.pointcut.SkipFilterTest.constructValueFalseAndTargetSkipFalseResultTrue","0",""
"passed","com.sebuilder.interpreter.TestCaseTest$BasicCaseTest.addStep","0",""
"passed","com.sebuilder.interpreter.pointcut.SkipFilterTest.constructValueTrueAndTargetSkipTrueResultTrue","0",""
"passed","com.sebuilder.interpreter.script.SebuilderLoadAspectTest$NegatePointcutTest.adviceWeaverPointcutValue","0",""
"passed","com.sebuilder.interpreter.script.SebuilderTest$ParseSuiteWithScriptChainContainsSameScript.parseResultReversible","0",""
"passed","com.sebuilder.interpreter.pointcut.NegatedFilterTest.constructValueFalseAndNegateFalseResultTrue","0",""
"passed","com.sebuilder.interpreter.script.SebuilderTest$ParseSuiteWithScripts.parseResultContents","0",""
"passed","com.sebuilder.interpreter.TestRunTest$WithNoStep.start","0",""
"passed","com.sebuilder.interpreter.TestRunTest$StateChange.stop","0",""
"passed","com.sebuilder.interpreter.pointcut.StringParamFilterTest.constructValueIsNotTargetType","0",""
"passed","com.sebuilder.interpreter.application.CommandLineOptionTest.parse","0",""
"passed","com.sebuilder.interpreter.script.SebuilderLoadAspectTest$MultiFilterTest.adviceWeaverPointcutValue","16",""
"passed","com.sebuilder.interpreter.TestRunTest$CurrentStep.locator","16",""
"passed","com.sebuilder.interpreter.script.SebuilderLoadAspectTest$SkipPointcutTest.adviceWeaverPointcutValue","0",""
"passed","com.sebuilder.interpreter.pointcut.LocatorFilterTest.constructValueNotEqualTarget","0",""
"passed","com.sebuilder.interpreter.pointcut.SkipFilterTest.constructValueTrueAndTargetSkipFalseResultFalse","0",""
"passed","com.sebuilder.interpreter.TestRunTest$CurrentStep.getBoolean_False","0",""
"passed","com.sebuilder.interpreter.pointcut.LocatorFilterTest.constructValueMatchesTarget","16",""
"passed","com.sebuilder.interpreter.script.SebuilderTest$ParseSuiteWithLazyScriptChain.parseResultContents","0",""
"passed","com.sebuilder.interpreter.script.SebuilderTest$ParseScriptTypeWithFullContents.parseResultReversible","0",""
"passed","com.sebuilder.interpreter.script.SebuilderLoadAspectTest$TypePointcutTest.adviceWeaverStepEqualsPointcutMethod","0",""
"passed","com.sebuilder.interpreter.TestRunTest$WithAspectAndContextAspect.finish","188",""
"passed","com.sebuilder.interpreter.pointcut.LocatorFilterTest.constructValueIsTarget","15",""
"passed","com.sebuilder.interpreter.script.SebuilderTest$ParseSuiteNoContents.parseResultContents","0",""
"passed","com.sebuilder.interpreter.script.SebuilderTest$StepLoadTest.parseStep","0",""
"passed","com.sebuilder.interpreter.pointcut.StepTypeFilterTest.negateConstructValueNotMatchesTargetTypeResultTrue","0",""
"passed","com.sebuilder.interpreter.pointcut.StepTypeFilterTest.negateConstructValueNotContainsTargetTypeResultTrue","0",""
"passed","com.sebuilder.interpreter.pointcut.NegatedFilterTest.constructValueTrueAndNegateFalseResultFalse","18",""
"passed","com.sebuilder.interpreter.pointcut.StringParamFilterTest.constructValueNotMatchesTargetType","0",""
"passed","com.sebuilder.interpreter.script.SebuilderTest$ParseScriptTypeWithSteps.parseResultContents","0",""
"passed","com.sebuilder.interpreter.script.SebuilderLoadAspectTest$MultiFilterTest.adviceNotWeaverStepIsNotPointcutTarget","37",""
"passed","com.sebuilder.interpreter.TestRunTest$WithChainRuns.finish","15",""
"passed","com.sebuilder.interpreter.TestRunTest$CurrentStep.containsKey","0",""
"passed","com.sebuilder.interpreter.InputDataTest.evaluateLiteralAfterReplaceKeyValue","0",""
"passed","com.sebuilder.interpreter.application.CommandLineOptionTest.parse_overrideTextFile","0",""
"passed","com.sebuilder.interpreter.script.SebuilderLoadAspectTest$LocatorPointcutTest.adviceWeaverPointcutValue","0",""
"passed","com.sebuilder.interpreter.script.SebuilderTest$ParseSuiteWithScriptRuntimeDataSource.parseResultContents","15",""
"passed","com.sebuilder.interpreter.TestCaseTest$BasicCaseTest.insertStep","16",""
"passed","com.sebuilder.interpreter.TestRunTest$TestRunName.getTestRunName_withName","0",""
"passed","com.sebuilder.interpreter.TestRunTest$WithNoStep.hasNext","16",""
"passed","com.sebuilder.interpreter.TestRunTest$WithBreakNestedChainRun.finish","63",""
"passed","com.sebuilder.interpreter.application.CommandLineOptionTest.parse_default","31",""
"passed","com.sebuilder.interpreter.TestRunTest$WithNoStep.end_false","15",""
"passed","com.sebuilder.interpreter.TestRunTest$WithStepNoName.processTestFailure","16",""
"passed","com.sebuilder.interpreter.InputDataTest.lastRow","0",""
"passed","com.sebuilder.interpreter.script.SebuilderLoadAspectTest$LocatorPointcutTest.adviceWeaverPointcutValues","0",""
"passed","com.sebuilder.interpreter.script.SebuilderTest$ParseSuiteWithDataSource.parseResultContents","0",""
"passed","com.sebuilder.interpreter.script.SebuilderLoadAspectTest$StringParamPointcutTest.adviceWeaverPointcutValues","0",""
"passed","com.sebuilder.interpreter.TestRunTest$CurrentStep.containsKey_notContainKey","0",""
"passed","com.sebuilder.interpreter.pointcut.StepTypeFilterTest.negateConstructValueStartsWithTargetTypeResultTrue","0",""
"passed","com.sebuilder.interpreter.TestRunTest$WithStep.finish","0",""
"passed","com.sebuilder.interpreter.TestRunTest$WithNestedChainRun.finish_skipAllChainCase","15",""
"passed","com.sebuilder.interpreter.pointcut.StringParamFilterTest.constructValueNotEndsWithTargetType","0",""
"passed","com.sebuilder.interpreter.pointcut.StepTypeFilterTest.negateConstructValueEqualTargetTypeResultTrue","0",""
"passed","com.sebuilder.interpreter.ImageAreaTest.getRectanglesNoRectangle","0",""
"passed","com.sebuilder.interpreter.TestRunTest$WithChainRun.finish","16",""
"passed","com.sebuilder.interpreter.TestRunTest$TestRunName.getTestRunName_withPrefixAndSuffix","15",""
"passed","com.sebuilder.interpreter.TestRunTest$WithNestedChainRun.finish_varTakeOverAndOverride","31",""
"passed","com.sebuilder.interpreter.script.SebuilderLoadAspectTest$TypePointcutTest.adviceWeaverPointcutValue","16",""
"passed","com.sebuilder.interpreter.TestRunTest$WithChainRuns.finish_varTakeOverAndOverride","31",""
"passed","com.sebuilder.interpreter.pointcut.NegatedFilterTest.constructValueTrueAndNegateTrueResultTrue","0",""
"passed","com.sebuilder.interpreter.pointcut.StepTypeFilterTest.constructValueNotEndsWithTargetTypeResultFalse","0",""
"passed","com.sebuilder.interpreter.PointcutTest.testAnyReturnTrue","0",""
"passed","com.sebuilder.interpreter.TestCaseTest$EmptyStepsCaseTest.filterStep","0",""
"passed","com.sebuilder.interpreter.TestRunTest$WithNoStep.finish","15",""
"passed","com.sebuilder.interpreter.pointcut.LocatorFilterTest.constructValueNotEndsWithTarget","0",""
"passed","com.sebuilder.interpreter.pointcut.LocatorFilterTest.constructValueNotContainsTarget","0",""
"passed","com.sebuilder.interpreter.TestRunTest$WithNoStep.end","0",""
"passed","com.sebuilder.interpreter.script.SebuilderTest$ParseSuiteWithNestedScriptChain.parseResultReversible","0",""
"passed","com.sebuilder.interpreter.TestRunTest$WithStep.startTest","0",""
"passed","com.sebuilder.interpreter.script.SebuilderTest$ParseSuiteWithScripts.parseResultReversible","16",""
"passed","com.sebuilder.interpreter.TestRunTest$FieldAccessor.log","0",""
"passed","com.sebuilder.interpreter.script.SebuilderLoadAspectTest$LocatorPointcutTest.adviceWeaverStepEqualsPointcutMethod","0",""
"passed","com.sebuilder.interpreter.TestCaseTest$EmptyStepsCaseTest.removeStep","0",""
"passed","com.sebuilder.interpreter.TestRunTest$TestRunName.getTestRunName_withSuffix","0",""
"passed","com.sebuilder.interpreter.TestCaseTest$EmptyStepsCaseTest.replaceSteps","0",""
"passed","com.sebuilder.interpreter.TestRunTest$VarWithDataSource.vars","0",""
"passed","com.sebuilder.interpreter.TestRunTest$WithStep.next_error","0",""
"passed","com.sebuilder.interpreter.pointcut.StepTypeFilterTest.constructValueContainsTargetTypeResultTrue","0",""
"passed","com.sebuilder.interpreter.pointcut.StringParamFilterTest.constructValueNotContainsTargetType","0",""
"passed","com.sebuilder.interpreter.script.SebuilderLoadAspectTest$LocatorPointcutTest.adviceNotWeaverStepIsNotPointcutTarget","0",""
"passed","com.sebuilder.interpreter.TestRunTest$WithChainRun.next","0",""
"passed","com.sebuilder.interpreter.TestRunTest$WithStepNoName.next","15",""
"passed","com.sebuilder.interpreter.pointcut.StepTypeFilterTest.constructValueNotMatchesTargetTypeResultFalse","0",""
"passed","com.sebuilder.interpreter.script.SeleniumIDETest.load","62",""
"passed","com.sebuilder.interpreter.pointcut.StepTypeFilterTest.constructValueIsTargetTypeResultTrue","0",""
"passed","com.sebuilder.interpreter.TestRunTest$WithStep.next_fail","0",""
"passed","com.sebuilder.interpreter.TestRunTest$CurrentStep.hasLocator","0",""
"passed","com.sebuilder.interpreter.pointcut.LocatorFilterTest.constructValueEqualTarget","1",""
"passed","com.sebuilder.interpreter.TestRunTest$CurrentStep.locator1","16",""
"passed","com.sebuilder.interpreter.script.SebuilderLoadAspectTest$MultiAdviceTest.adviceWeaverPointcutValue","0",""
"passed","com.sebuilder.interpreter.script.SebuilderLoadAspectTest$TypePointcutTest.adviceNotWeaverStepIsNotPointcutTarget","0",""
"passed","com.sebuilder.interpreter.script.SebuilderTest$ParseScriptTypeWithFullContents.parseResultContents","0",""
"passed","com.sebuilder.interpreter.TestRunTest$WithDataDrivenChainRun.finish","0",""
"passed","com.sebuilder.interpreter.script.SebuilderTest$ParseSuiteWithLazyLoad.parseResultContents","16",""
"passed","com.sebuilder.interpreter.TestRunTest$TestRunName.getTestRunName_withPrefix","0",""
"passed","com.sebuilder.interpreter.pointcut.LocatorFilterTest.constructValueNotMatchesTarget","0",""
"passed","com.sebuilder.interpreter.TestCaseTest$EmptyStepsCaseTest.insertStep","0",""
"passed","com.sebuilder.interpreter.pointcut.StringParamFilterTest.constructValueStartsWithTargetType","0",""
"passed","com.sebuilder.interpreter.TestRunTest$StateChange.isStopped","0",""
"passed","com.sebuilder.interpreter.TestRunTest$WithChainRuns.finish_skipAllChainCase","16",""
"passed","com.sebuilder.interpreter.TestRunTest$Quit.quit_withParentDriver","3321",""
"passed","com.sebuilder.interpreter.script.SebuilderTest$ParseSuiteWithImportSuite.parseResultReversible","116",""
"passed","com.sebuilder.interpreter.TestRunTest$CurrentStep.currentStep","0",""
"passed","com.sebuilder.interpreter.TestCaseTest$BasicCaseTest.filterStep","0",""
"passed","com.sebuilder.interpreter.PointcutTest.testAndCombination","0",""
"passed","com.sebuilder.interpreter.script.SebuilderLoadAspectTest$NegatePointcutTest.adviceNotWeaverStepIsNotPointcutTarget","0",""
"passed","com.sebuilder.interpreter.script.SebuilderTest$ParseScriptNoContents.parseResultReversible","0",""
"passed","com.sebuilder.interpreter.script.SebuilderTest$ParseNoType.parseResultReversible","0",""
"passed","com.sebuilder.interpreter.TestRunTest$CurrentStep.getBoolean_bindTrue","0",""
"passed","com.sebuilder.interpreter.InputDataTest.evaluateLiteralIsBooleanValueOf","124",""
"passed","com.sebuilder.interpreter.pointcut.StepTypeFilterTest.constructValueNotContainsTargetTypeResultFalse","0",""
"passed","com.sebuilder.interpreter.TestRunTest$WithContextAspect.finish","15",""
"passed","com.sebuilder.interpreter.TestCaseTest$BasicCaseTest.removeStep","0",""
"passed","com.sebuilder.interpreter.TestRunTest$WithAspect.finish","31",""
"passed","com.sebuilder.interpreter.pointcut.StepTypeFilterTest.negateConstructValueEndsWithTargetTypeResultTrue","0",""
"passed","com.sebuilder.interpreter.pointcut.LocatorFilterTest.constructValueNotStartsWithTarget","0",""
"passed","com.sebuilder.interpreter.InputDataTest.evaluateExpression","172",""
"passed","com.sebuilder.interpreter.script.SebuilderTest$ParseSuiteWithScriptChain.parseResultReversible","0",""
"passed","com.sebuilder.interpreter.pointcut.StringParamFilterTest.constructValueEndsWithTargetType","0",""
"passed","com.sebuilder.interpreter.TestCaseTest$EmptyStepsCaseTest.addStep","15",""
"passed","com.sebuilder.interpreter.pointcut.StringParamFilterTest.constructValueEqualTargetType","16",""
"passed","com.sebuilder.interpreter.TestRunTest$WithChainRun.finish_failureMain","63",""
"passed","com.sebuilder.interpreter.pointcut.StepTypeFilterTest.constructValueEndsWithTargetTypeResultTrue","0",""
"passed","com.sebuilder.interpreter.ImageAreaTest.getRectanglesIncludeCommaSeparate4decimal","0",""
"passed","com.sebuilder.interpreter.pointcut.LocatorFilterTest.constructValueIsNotTargetType","0",""
"passed","com.sebuilder.interpreter.script.SebuilderTest$ParseSuiteWithScriptChain.parseResultContents","0",""
"passed","com.sebuilder.interpreter.TestRunTest$VarDefault.putVars","0",""
"passed","com.sebuilder.interpreter.TestRunTest$WithNoStep.absent","0",""
"passed","com.sebuilder.interpreter.TestRunTest$CurrentStep.getBoolean","0",""
"passed","com.sebuilder.interpreter.script.SebuilderTest$ParseNoType.parseResultContents","0",""
"passed","com.sebuilder.interpreter.PointcutTest.testOrCombination","0",""
"passed","com.sebuilder.interpreter.pointcut.StringParamFilterTest.constructValueIsTargetType","0",""
"passed","com.sebuilder.interpreter.TestRunTest$WithChainRun.finish_failureChain","31",""
"passed","com.sebuilder.interpreter.ImageAreaTest.getRectanglesMultiRectangle","16",""
"passed","com.sebuilder.interpreter.script.SebuilderTest$ParseSuiteWithImportSuite.parseResultContents","0",""
"passed","com.sebuilder.interpreter.script.SebuilderTest$ParseSuiteWithNestedScriptChain.parseResultContents","0",""
"passed","com.sebuilder.interpreter.script.SebuilderLoadAspectTest$SkipPointcutTest.adviceNotWeaverStepIsNotPointcutTarget","16",""
"passed","com.sebuilder.interpreter.pointcut.LocatorFilterTest.constructValueEndsWithTarget","0",""
"passed","com.sebuilder.interpreter.TestRunTest$WithStep.processTestError","16",""
"passed","com.sebuilder.interpreter.script.SebuilderTest$ParseScriptNoContents.parseResultContents","16",""
"passed","com.sebuilder.interpreter.script.SebuilderTest$ParseSuiteWithLazyScriptChain.parseResultReversible","31",""
"passed","com.sebuilder.interpreter.pointcut.StepTypeFilterTest.constructValueStartsWithTargetTypeResultTrue","0",""
"passed","com.sebuilder.interpreter.TestRunTest$Quit.quit","31",""
"passed","com.sebuilder.interpreter.pointcut.StringParamFilterTest.constructValueContainsTargetType","0",""
"passed","com.sebuilder.interpreter.TestRunTest$WithChainRuns.finish_skipLastCase","16",""
"passed","com.sebuilder.interpreter.script.SebuilderLoadAspectTest$StringParamPointcutTest.adviceNotWeaverStepIsNotPointcutTarget","16",""
"passed","com.sebuilder.interpreter.pointcut.StepTypeFilterTest.constructValueIsNotTargetTypeResultFalse","1",""
"passed","com.sebuilder.interpreter.TestRunTest$WithNestedChainRun.finish_skipNestedHeaderCase","16",""
"passed","com.sebuilder.interpreter.pointcut.StepTypeFilterTest.constructValueMatchesTargetTypeResultTrue","0",""
"passed","com.sebuilder.interpreter.pointcut.StepTypeFilterTest.constructValueEqualTargetTypeResultTrue","0",""
"passed","com.sebuilder.interpreter.PointcutTest.testNoneReturnFalse","0",""
"passed","com.sebuilder.interpreter.TestRunTest$WithStep.processTestSuccess","0",""
"passed","com.sebuilder.interpreter.TestRunTest$WithChainRuns.finish_skipMiddleCase","16",""
"passed","com.sebuilder.interpreter.script.SebuilderTest$ParseSuiteWithLazyLoad.parseResultReversible","0",""
"passed","com.sebuilder.interpreter.TestRunTest$WithNestedChainRun.finish_skipLastCase","16",""
"passed","com.sebuilder.interpreter.script.SebuilderTest$ParseSuiteWithScriptChainContainsSameScript.parseResultContents","0",""
"passed","com.sebuilder.interpreter.script.SebuilderLoadAspectTest$StringParamPointcutTest.adviceWeaverStepEqualsPointcutMethod","0",""
"passed","com.sebuilder.interpreter.TestRunTest$WithStep.next","15",""
"passed","com.sebuilder.interpreter.TestRunTest$CurrentStep.text","0",""
"passed","com.sebuilder.interpreter.TestRunTest$FieldAccessor.getListener","0",""
"passed","com.sebuilder.interpreter.script.SebuilderTest$ParseSuiteWithScriptRuntimeDataSource.parseResultReversible","0",""
"passed","com.sebuilder.interpreter.pointcut.StepTypeFilterTest.constructValueNotStartsWithTargetTypeResultFalse","0",""
"passed","com.sebuilder.interpreter.TestRunTest$CurrentStep.getBoolean_bindFalse","0",""
"passed","com.sebuilder.interpreter.script.SebuilderLoadAspectTest$TypePointcutTest.adviceWeaverPointcutValues","15",""
"passed","com.sebuilder.interpreter.TestRunTest$WithStepNoName.startTest","0",""
"passed","com.sebuilder.interpreter.TestRunTest$TestRunName.getTestRunName_noName","16",""
"passed","com.sebuilder.interpreter.TestRunTest$WithNestedChainRun.finish","31",""
"passed","com.sebuilder.interpreter.TestRunTest$WithSkippableChainRun.finish_chainSkip","16",""
"passed","com.sebuilder.interpreter.pointcut.StringParamFilterTest.constructValueMatchesTargetType","0",""
"passed","com.sebuilder.interpreter.TestRunTest$WithStep.hasNext","0",""
"passed","com.sebuilder.interpreter.TestRunTest$WithSkippableChainRun.finish","15",""
"passed","com.sebuilder.interpreter.TestCaseTest$BasicCaseTest.replaceSteps","0",""
"passed","com.sebuilder.interpreter.script.SebuilderLoadAspectTest$StringParamPointcutTest.adviceWeaverPointcutValue","0",""
"passed","com.sebuilder.interpreter.TestRunTest$WithStep.processTestFailure","0",""
"passed","com.sebuilder.interpreter.pointcut.LocatorFilterTest.constructValueIsNotTarget","0",""
"passed","com.sebuilder.interpreter.pointcut.StringParamFilterTest.constructValueNotStartsWithTargetType","0",""
